Choice_Set,Value,Label
whodas,0,None
whodas,1,Mild
whodas,2,Moderate
whodas,3,Severe
whodas,4,Extreme/Cannot do
idas,1,Not at all
idas,2,A little bit
idas,3,Moderately
idas,4,Quite a bit
idas,5,Extremely
audit_freq,0,Never
audit_freq,1,Monthly
audit_freq,2,2-4 times a month
audit_freq,3,2-3 times a week
audit_freq,4,4 or more times a week
audit_drinks,0,1 or 2
audit_drinks,1,3 or 4
audit_drinks,2,5 or 6
audit_drinks,3,7 to 9
audit_drinks,4,10 or more
audit_often,0,Never
audit_often,1,Less than monthly
audit_often,2,Monthly
audit_often,3,Weekly
audit_often,4,Daily or almost daily
audit_harm,0,No
audit_harm,2,"Yes, but not in the last year"
audit_harm,4,"Yes, during the last year"
dudit_freq,0,Never
dudit_freq,1,Once a month or less often
dudit_freq,2,2 to 4 times a month
dudit_freq,3,2 to 3 times a week
dudit_freq,4,4 times a week or more often
dudit_times,0,0
dudit_times,1,1 to 2
dudit_times,2,3 to 4
dudit_times,3,5 to 6
dudit_times,4,7 or more
dudit_often,0,Never
dudit_often,1,Less than monthly
dudit_often,2,Monthly
dudit_often,3,Weekly
dudit_often,4,Daily or almost daily
dudit_harm,0,No
dudit_harm,2,"Yes, but not in the last year"
dudit_harm,4,"Yes, during the last year"
cape,1,Never
cape,2,Sometimes
cape,3,Often
cape,4,Nearly Always
catpd,1,Very Untrue of Me
catpd,2,Moderately Untrue of Me
catpd,3,Neither True nor Untrue of Me
catpd,4,Moderately True of Me
catpd,5,Very True of Me
phq15,0,Not bothered at all
phq15,1,Bothered a little
phq15,2,Bothered a lot
