FFBF,Facet,Reverse,Text,TextIRF,TextDE,TextIRFDE
1,Anhedonia,FALSE,"I'm not really interested in anything (e.g. leisure time activities, books, magazines, TV shows, sports)","is not really interested in anything (e.g. leisure time activities, books, magazines, TV shows, sports)","Ich habe an nichts wirklich Interesse (z.B. Freizeitmaßnahmen, Bücher, Zeitschriften, Serien, Sport)","zeigt an nichts wirklich Interesse (z.B. Freizeitmaßnahmen, Bücher, Zeitschriften, Serien, Sport)"
2,Anxiousness,FALSE,I get very nervous when I think about the future,is very nervous about the future,"Ich werde sehr nervös, wenn ich über die Zukunft nachdenke","ist sehr nervös, was die Zukunft angeht"
3,Attention Seeking,FALSE,I do things to make sure people notice me,does things to make sure people notice them,"Ich tue Dinge, damit Leute auf mich aufmerksam werden","tut Dinge, damit Leute auf ihn aufmerksam werden"
4,Callousness,FALSE,I really don't care if I make other people suffer here in prison,really doesn't care if they make other people suffer here in prison,"Es ist mir völlig egal, ob ich hier in Haft anderen Leuten Leid zufüge","kümmert sich überhaupt nicht darum, ob er hier in Haft anderen Leuten Leid zufügt"
5,Deceitfulness,FALSE,I sometimes make up things about myself to help me get what I want,sometimes makes up things about themselves to help them get what they want,"Um zu bekommen, was ich will, erfinde ich auch mal etwas über mich selbst","erfindet auch mal etwas über sich selbst, um zu bekommen, was er will"
6,Depressivity,FALSE,Sometimes I think the world would be better off if I were dead,sometimes seems to think the world would be better off if they were dead,"Manchmal denke ich, die Welt wäre besser dran, wenn ich tot wäre","scheint manchmal zu denken, die Welt wäre besser dran, wenn er tot wäre"
7,Distractibility,FALSE,I have trouble concentrating,has trouble concentrating,"Es fällt mir schwer, mich zu konzentrieren","hat Schwierigkeiten, sich zu konzentrieren"
8,Eccentricity,FALSE,I have been told in the past that my way of thinking is really strange,thinks about things in a really strange way,"Man hat mir schon einmal gesagt, dass meine Art zu denken wirklich seltsam ist",hat eine wirklich seltsame Art zu denken
9,Emotional Lability,FALSE,"I get upset quickly, often for very little reason","gets upset quickly, often for very little reason","Ich gerate schnell aus der Fassung, oft aus geringstem Anlass","gerät schnell aus der Fassung, oft aus geringstem Anlass"
10,Grandiosity,FALSE,To be honest: I am just more important than other inmates,thinks they are just more important than other inmates,Um ehrlich zu sein: Ich bin einfach wichtiger als andere Inhaftierte,"denkt, er sei einfach wichtiger als andere Inhaftierte"
11,Hostility,FALSE,I am easily angered,is easily angered,Ich werde schnell wütend,wird schnell wütend
12,Impulsivity,TRUE,I usually think before I act,usually thinks before they act,"Ich denke meistens nach, bevor ich etwas tue","denkt meistens nach, bevor er etwas tut"
13,Intimacy Avoidance,FALSE,I prefer to keep other people out of my life,prefers to keep other people out of their life,Ich halte andere Menschen lieber aus meinem Leben heraus,hält andere Menschen lieber aus seinem Leben heraus
14,Irresponsibility,FALSE,I'm often pretty careless with my own and others' things,is often pretty careless with their own and others' things,Ich gehe oft ziemlich nachlässig mit meinen Sachen und denen anderer um,geht oft ziemlich nachlässig mit seinen Sachen und denen anderer um
15,Manipulativeness,FALSE,I'm good at making people do what I want them to do,is good at making people do what they want them to do,"Ich kann Leute gut dazu bringen, das zu tun, was ich will","kann Leute gut dazu bringen, das zu tun, was er will"
16,Perceptual Dysregulation,FALSE,"Sometimes when I look at a familiar object, it's somehow like I'm seeing it for the first time",often seems to see familiar things as unfamiliar or strange,"Wenn ich einen vertrauten Gegenstand anschaue, ist es manchmal so, als würde ich ihn zum ersten Mal sehen",scheint vertraute Dinge häufig als ungewohnt oder seltsam zu erleben
17,Perseveration,FALSE,"I always do things the same way, even if it isn't working","always does things the same way, even if it isn't working","Ich gehe Dinge immer auf die gleiche Weise an, auch wenn es so nicht klappt","geht Dinge immer auf die gleiche Weise an, auch wenn es so nicht klappt"
18,Restricted Affectivity,FALSE,I rarely have strong feelings,rarely shows strong feelings,Ich habe selten starke Gefühle,zeigt selten starke Gefühle
19,Rigid Perfectionism,FALSE,I simply cannot stand not doing something completely perfectly,simply cannot stand not doing something completely perfectly,"Ich kann es einfach nicht ertragen, wenn ich etwas nicht absolut perfekt mache","kann es einfach nicht ertragen, wenn er etwas nicht absolut perfekt macht"
20,Risk Taking,FALSE,I have no limits when it comes to doing risky things in prison,has no limits when it comes to doing risky things in prison,"Ich kenne keine Grenzen, wenn es darum geht, riskante Dinge in Haft zu tun","kennt keine Grenzen, wenn es darum geht, riskante Dinge in Haft zu tun"
21,Separation Insecurity,FALSE,I worry a lot about being alone after prison,worries a lot about being alone after prison,"Ich mache mir viele Sorgen darüber, nach der Haft allein zu sein","macht sich viele Sorgen darüber, nach der Haft allein zu sein"
22,Submissiveness,FALSE,I change my behavior based on what other inmates want,changes their behavior based on what other inmates want,Ich ändere mein Verhalten entsprechend den Wünschen anderer Inhaftierter,ändert sein Verhalten entsprechend den Wünschen anderer Inhaftierter
23,Suspiciousness,FALSE,Lots of other inmates are out to get me,"believes, that lots of other inmates are out to get them",Viele andere Inhaftierte haben es auf mich abgesehen,"glaubt, dass es viele andere Inhaftierte auf ihn abgesehen haben"
24,Unusual Beliefs & Experiences,FALSE,Sometimes I feel the presense of someone who isn't really there,reports to sometimes feel the presense of someone who isn't really there,"Es kommt manchmal vor, dass ich die Gegenwart von jemandem spüre, der in Wirklichkeit nicht da ist","berichtet, manchmal die Gegenwart von jemandem zu spüren, der in Wirklichkeit nicht da ist"
25,Withdrawal,FALSE,I keep my distance to the other inmates,keeps distance to the other inmates,Ich halte Abstand zu den anderen Inhaftierten,hält Abstand zu den anderen Inhaftierten
26,Anhedonia,TRUE,I enjoy life to the extent it is possible to do so in prison,enjoys life to the extent it is possible to do so in prison,"Ich genieße mein Leben, soweit es in Haft möglich ist","genießt sein Leben, soweit es in Haft möglich ist"
27,Anxiousness,FALSE,I'm always worrying about something,is always worrying about something,Ich mache mir ständig über irgendetwas Sorgen,macht sich ständig über irgendetwas Sorgen
28,Attention Seeking,FALSE,I like being a person who gets noticed,likes being a person who gets noticed,"Ich mag es, jemand zu sein, der auffällt","mag es, jemand zu sein, der auffällt"
29,Callousness,FALSE,Being somewhat rude and unfriendly is just a part of who I am,is somewhat rude and unfriendly,"Es ist einfach Teil meiner Persönlichkeit, etwas grob und unfreundlich zu sein",ist etwas grob und unfreundlich
30,Deceitfulness,FALSE,I don't have a problem with deceiving others if it helps me get ahead,does't have a problem with deceiving others if it helps them get ahead,"Wenn es mir weiterhilft, habe ich kein Problem damit, andere reinzulegen","hat kein Problem damit andere reinzulegen, wenn es ihm weiterhilft"
31,Depressivity,FALSE,My life in prison looks pretty bleak to me,thinks their life in prison looks pretty bleak,Mein Leben in Haft kommt mir ziemlich trostlos vor,sieht sein Leben in Haft als ziemlich trostlos an
32,Distractibility,FALSE,I am easily distracted,is easily distracted,Ich lasse mich leicht ablenken,lässt sich leicht ablenken
33,Eccentricity,FALSE,Others seem to think I'm quite odd or unusual,is behaving quite odd or unusual,Andere halten mich wohl für ziemlich eigenartig oder ungewöhnlich,verhält sich ziemlich eigenartig oder ungewöhnlich
34,Emotional Lability,FALSE,I never know where my emotions will go from moment to moment,has emotions that can change from moment to moment,"Ich weiß nie, wie sich meine Gefühle von jetzt auf gleich verändern werden",hat von jetzt auf gleich starke Gefühlsschwankungen
35,Grandiosity,FALSE,I have unique characteristics that only a few other people possess,thinks they have unique characteristics that only a few other people possess,"Ich habe besondere Eigenschaften, die nur wenige andere besitzen","denkt, besondere Eigenschaften zu haben, die nur wenige andere besitzen"
36,Hostility,FALSE,I am short-tempered,has a short temper,Ich bin leicht reizbar,ist leicht reizbar
37,Impulsivity,FALSE,"I usually act spontaneously, without thinking about possible consequences","usually acts spontaneously, without thinking about possible consequences","Ich handle meistens spontan, ohne über mögliche Folgen nachzudenken","handelt meistens spontan, ohne über mögliche Folgen nachzudenken"
38,Intimacy Avoidance,FALSE,It doesn't bother me that it is currently difficult for me to enter into sexual relationships,doesn't mind that it is currently difficult for them to enter into sexual relationships,"Es stört mich nicht, dass ich gerade nur schwer sexuelle Beziehungen eingehen kann","findet es nicht schlimm, dass er gerade nur schwer sexuelle Beziehungen eingehen kann"
39,Irresponsibility,FALSE,I sometimes make promises I don't keep,sometimes makes promises they don't keep,"Ich mache auch mal Versprechungen, die ich dann nicht einhalte","macht auch mal Versprechungen, die er dann nicht einhält"
40,Manipulativeness,FALSE,I sweet-talk others in order to get what I want,sweet-talks others in order to get what they want,"Ich schmeichle mich bei anderen ein, um zu bekommen, was ich will","schmeichelt sich bei anderen ein, um zu bekommen was er will"
41,Perceptual Dysregulation,FALSE,I sometimes have the feeling that my thoughts are controlled by someone else,"sometimes thinks their thoughts are being ""controlled"" by someone else","Ich habe manchmal das Gefühl, dass meine Gedanken von jemand anderem kontrolliert werden","denkt manchmal, dass seine Gedanken von jemand anderem ""kontrolliert"" werden"
42,Perseveration,FALSE,"I find it difficult to change my behavior, even when I know it's inappropriate","has difficulties changing their behavior, even when they know it's inappropriate","Es fällt mir schwer, mein Verhalten zu ändern, auch wenn ich weiß, dass es unpassend ist","hat Schwierigkeiten sein Verhalten zu ändern, auch wenn er weiß, dass es unpassend ist"
43,Restricted Affectivity,FALSE,It's hard for other people to know what I'm feeling,is difficult to read emotionally,"Andere können nur schwer einschätzen, was ich fühle",ist hinsichtlich seiner Gefühle schwer einzuschätzen
44,Rigid Perfectionism,FALSE,"Even when others find it irritating, I insist on doing everything perfectly","insist on doing everything perfectly, even when others find it irritating","Auch wenn es andere nervig finden, bestehe ich darauf, alles perfekt zu machen","besteht darauf, alles perfekt zu machen, auch wenn es andere nervt"
45,Risk Taking,FALSE,I do a lot of things in prison that others consider risky,does a lot of things in prison that others consider risky,"Ich mache in Haft vieles, was andere für risikoreich halten","macht in Haft vieles, was andere für risikoreich halten"
46,Separation Insecurity,FALSE,I'd rather be in a bad relationship than be alone,would rather be in a bad relationship than be alone,"Ich wäre lieber in einer schlechten Beziehung, als allein zu sein","wäre lieber in einer schlechten Beziehung, als allein zu sein"
47,Submissiveness,FALSE,I usually do what other inmates expect of me,usually does what other inmates expect of them,"Ich mache meistens das, was andere Inhaftierte von mir erwarten","macht meistens das, was andere Inhaftierte von ihm erwarten"
48,Suspiciousness,FALSE,I am always on my guard for inmates who might want to trick me or harm me,is always on his/her guard for inmates who might want to trick or harm them,"Ich bin immer auf der Hut vor Inhaftierten, die mich vielleicht hereinlegen oder schädigen wollen","ist immer auf der Hut vor Inhaftierten, die ihn vielleicht hereinlegen oder schädigen wollen"
49,Unusual Beliefs & Experiences,FALSE,I have at one point or another seen things that were not really there,reports to have seen things that were not really there,"Es ist schon mal vorgekommen, dass ich Dinge gesehen habe, die nicht wirklich da waren","berichtet davon, schon mal Dinge gesehen zu haben, die nicht wirklich da waren"
50,Withdrawal,FALSE,I don't like spending time with the other inmates,doesn't like spending time with the other inmates,"Ich mag es nicht, Zeit mit den anderen Inhaftierten zu verbringen","mag es nicht, Zeit mit den anderen Inhaftierten zu verbringen"
51,Anhedonia,FALSE,I almost never feel happy about what I do day-to-day,almost never feels happy about what they do day-to-day,"Ich habe fast nie Freude an dem, was ich hier im Alltag so tue","hat fast nie Freude an dem, was er hier im Alltag so tut"
52,Anxiousness,FALSE,I am a rather anxious person,is a rather anxious person,Ich bin eine eher ängstliche Person,ist eine eher ängstliche Person
53,Attention Seeking,FALSE,I like standing out in a crowd,likes standing out in a crowd,Ich rage gern aus der Masse heraus,ragt gern aus der Masse heraus
54,Callousness,FALSE,It's no big deal if I hurt the feelings of other people here in prison,believes it is no big deal if they hurt the feelings of other people here in prison,"Es ist nichts dabei, wenn ich die Gefühle anderer hier in Haft verletze","glaubt, dass nichts dabei ist, wenn er die Gefühle anderer hier in Haft verletzt"
55,Deceitfulness,FALSE,Lying comes easily to me,lies easily,Lügen fällt mir leicht,"hat kein Problem damit, zu lügen"
56,Depressivity,FALSE,The future looks really hopeless to me,sees their future as really hopeless,Die Zukunft kommt mir richtig hoffnungslos vor,sieht seine Zukunft als völlig hoffnungslos an
57,Distractibility,FALSE,I can't focus on things for very long,can't focus on things for very long,Ich kann mich nicht besonders lange auf etwas konzentrieren,kann sich nicht besonders lange auf etwas konzentrieren
58,Eccentricity,FALSE,I think about things in an unusual way that doesn't make sense to others,thinks about things in an unusual way that doesn't make sense to others,"Ich denke über Dinge in einer ungewöhnlichen Weise nach, die für andere nicht nachvollziehbar ist","denkt über Dinge in einer ungewöhnlichen Weise nach, die für andere nicht nachvollziehbar ist"
59,Emotional Lability,FALSE,I get upset about every little thing,gets upset about every little thing,Ich rege mich wegen jeder Kleinigkeit auf,regt sich wegen jeder Kleinigkeit auf
60,Grandiosity,FALSE,I deserve special treatment,thinks they deserve special treatment,"Es steht mir zu, besonders behandelt zu werden","denkt, dass es ihm zusteht, besonders behandelt zu werden"
61,Hostility,FALSE,I get irritated easily here in prison by all sorts of things,gets irritated easily here in prison by all sorts of things,Ich bin hier in Haft schnell von allen möglichen Dingen genervt,ist hier in Haft schnell von allen möglichen Dingen genervt
62,Impulsivity,FALSE,"Even though I know better, I can't stop making rash decisions",can't stop making rash decisions even though they know better,"Obwohl ich es eigentlich besser weiß, treffe ich immer wieder überstürzte Entscheidungen","trifft immer wieder überstürzte Entscheidungen, obwohl er es eigentlich besser weiß"
63,Intimacy Avoidance,FALSE,I avoid close relationships of any kind,avoids close relationships of any kind,Ich gehe engen Beziehungen jeder Art aus dem Weg,geht engen Beziehungen jeder Art aus dem Weg
64,Irresponsibility,FALSE,"I often forget to return things (e.g. pay debts, return borrowed tobacco or coffee)","often forgets to return things (e.g. pay debts, return borrowed tobacco or coffee)","Ich vergesse oft, Dinge zurückzugeben (z.B. Schulden bezahlen, geliehenen Tabak oder Kaffee zurückgeben)","vergisst oft, Dinge zurückzugeben (z.B. Schulden bezahlen, geliehenen Tabak oder Kaffee zurückgeben)"
65,Manipulativeness,FALSE,I'm good at conning people,is good at conning people,"Ich bin gut darin, Leute reinzulegen","ist gut darin, Leute reinzulegen"
66,Perceptual Dysregulation,FALSE,I often can't control what I think about,often can't seem to control what they think about,Ich habe meine Gedanken oft nicht unter Kontrolle,scheint seine Gedanken häufig nicht unter Kontrolle zu haben
67,Perseveration,FALSE,I get stuck on things a lot,gets stuck on things a lot,Ich beiße mich häufig an Dingen fest,beißt sich häufig an Dingen fest
68,Restricted Affectivity,FALSE,I never show emotions to others,never shows emotions to others,Ich zeige anderen gegenüber niemals Gefühle,zeigt anderen gegenüber niemals Gefühle
69,Rigid Perfectionism,FALSE,It is important to me that things are done in a certain way,believes it is important that things are done in a certain way,"Es ist mir wichtig, dass Dinge auf eine ganz bestimmte Weise erledigt werden","findet es wichtig, dass Dinge auf eine ganz bestimmte Weise erledigt werden"
70,Risk Taking,FALSE,I like to take risks,likes to take risks,Ich riskiere gern etwas,riskiert gern etwas
71,Separation Insecurity,FALSE,I would do a lot to keep someone from leaving me,would do a lot to keep someone from leaving them,"Ich würde vieles tun, um jemanden davon abzuhalten, mich zu verlassen","würde vieles tun, um jemanden davon abzuhalten, ihn zu verlassen"
72,Submissiveness,FALSE,I always do exactly what the guards tell me to do,always does exactly what the guards tell them to do,"Ich tue immer genau das, was die Vollzugsbeamten mir sagen","tut immer genau das, was die Vollzugsbeamten ihm sagen"
73,Suspiciousness,FALSE,I feel like I'm being treatly unfairly here in prison,often thinks they are being treated unfairly here in prison,"Es kommt mir so vor, als ob ich hier in Haft ungerecht behandelt werde","denkt oft, dass er hier in Haft ungerecht behandelt wird"
74,Unusual Beliefs & Experiences,FALSE,Sometimes it seems like I can influence other people with my thoughts,thinks they can influence other people with their thoughts,"Manchmal kommt es mir so vor, als ob ich andere Leute mit meinen Gedanken beeinflussen kann","denkt, dass er andere Leute mit seinen Gedanken beeinflussen kann"
75,Withdrawal,FALSE,I have no interest in getting to know the other inmates better,is not interested in getting to know the other inmates better,"Ich habe kein Interesse daran, die anderen Inhaftierten besser kennenzulernen","hat kein Interesse daran, die anderen Inhaftierten besser kennenzulernen"
76,Anhedonia,FALSE,Nothing here is fun for me,does not seem to feel good about anything here,Ich habe hier an nichts richtig Spaß,scheint hier an nichts richtig Spaß zu haben
77,Anxiousness,FALSE,I always expect the worst to happen,always expects the worst to happen,Ich erwarte immer das Schlimmste,erwartet immer das Schlimmste
78,Attention Seeking,FALSE,I like to draw attention to myself,likes to draw attention to themselves,"Ich mag es, Aufmerksamkeit auf mich zu ziehen","mag es, Aufmerksamkeit auf sich zu ziehen"
79,Callousness,FALSE,I don't care about the problems of other people here in prison,doesn't care about the problems of other people here in prison,Die Probleme anderer Menschen hier in Haft sind mir egal,kümmert sich nicht um die Probleme anderer Menschen hier in Haft
80,Deceitfulness,FALSE,I sometimes stretch the truth if it's to my advantage,sometimes stretches the truth if it's to their advantage,"Ich biege mir manchmal die Wahrheit zurecht, wenn es zu meinem Vorteil ist","biegt sich manchmal die Wahrheit zurecht, wenn es zu seinem Vorteil ist"
81,Depressivity,FALSE,I often feel like a failure,often feels like a failure,Ich fühle mich oft als Versager,fühlt sich oft als Versager
82,Distractibility,FALSE,I get pulled off-task by even minor distractions,gets pulled off-task by even minor distractions,Ich werde selbst von kleineren Ablenkungen aus Aufgaben herausgerissen,wird selbst von kleineren Ablenkungen aus Aufgaben herausgerissen
83,Eccentricity,FALSE,I often have thoughts that make sense to me but that other people say are strange,often has thoughts that make sense to them but that other people say are strange,"Ich habe oft Gedanken, die für mich Sinn ergeben, aber anderen Leuten seltsam erscheinen","hat oft Gedanken, die für ihn Sinn ergeben, aber anderen Leuten seltsam erscheinen"
84,Emotional Lability,FALSE,My emotions sometimes change for no good reason,changes in emotion for no good reason,Meine Gefühle ändern sich manchmal ohne bestimmten Grund,hat Gefühlsschwankungen ohne bestimmten Grund
85,Grandiosity,FALSE,I often have to deal with people here who are less important than me,"often ""looks down"" on others here","Ich muss mich hier oft mit Leuten beschäftigen, die weniger wichtig sind als ich",betrachtet andere hier in Haft oft von oben herab
86,Hostility,FALSE,I'm nasty and short to anybody who deserves it,can be nasty and short with others,"Ich bin gemein und grob zu jedem, der es verdient",kann gemein und grob zu anderen sein
87,Impulsivity,FALSE,I often do things on the spur of the moment,often does things on the spur of the moment,Ich handle oft spontan aus dem Moment heraus,handelt oft spontan aus dem Moment heraus
88,Intimacy Avoidance,FALSE,"If I currently had the choice, I would rather be alone than have a close romantic relationship",would prefer being alone to having a close romantic relationship (if they currently had the choice),"Wenn ich gerade die Wahl hätte, wäre ich lieber allein als eine enge Liebesbeziehung zu haben","wäre lieber allein, als eine enge Liebesbeziehung zu haben (wenn er gerade die Wahl hätte)"
89,Irresponsibility,FALSE,I sometimes duck out of responsibilities,ducks out of responsibilities,Ich drücke mich schon mal vor Verantwortung,drückt sich vor Verantwortung
90,Manipulativeness,FALSE,It is easy for me to take advantage of others,finds it is easy to take advantage of others,"Es fällt mir leicht, andere auszunutzen","hat kein Problem damit, andere auszunutzen"
91,Perceptual Dysregulation,FALSE,I can have trouble telling the difference between dreams and waking life,seems to have trouble telling the difference between dreams and waking life,"Manchmal fällt es mir schwer, zwischen Traum und Wirklichkeit zu unterscheiden","hat offenbar Schwierigkeiten, zwischen Traum und Wirklichkeit zu unterscheiden"
92,Perseveration,FALSE,"I stick with a certain way of doing things, even when it probably won't work","gets stuck with a certain way of doing things, even when it probably won't work","Ich halte an einem bestimmten Vorgehen fest, auch wenn es so wohl nicht funktionieren wird","hält an einem bestimmten Vorgehen fest, auch wenn es so wohl nicht funktionieren wird"
93,Restricted Affectivity,FALSE,I barely react to things that usually cause other people to get emotional,barely reacts to things that usually cause other people to get emotional,"Ich reagiere kaum auf Dinge, bei denen andere meistens Gefühle zeigen","reagiert kaum auf Dinge, bei denen andere meistens Gefühle zeigen"
94,Rigid Perfectionism,FALSE,I simply cannot stand when things are not where I believe they belong,simply cannot stand when things are not where they believe they belong,"Ich ertrage es einfach nicht, wenn Dinge nicht da sind, wo sie meiner Meinung nach hingehören","erträgt es einfach nicht, wenn Dinge nicht da sind, wo sie seiner Meinung nach hingehören"
95,Risk Taking,FALSE,I do what I want in prison regardless of how risky it might be,does what they want in prison regardless of how risky it might be,"Ich mache in Haft, was ich will, egal wie riskant es vielleicht ist","macht in Haft, was er will, egal wie riskant es vielleicht ist"
96,Separation Insecurity,FALSE,I never want to be alone in the future,never wants to be alone in the future,Ich will in Zukunft niemals allein sein,will in Zukunft niemals allein sein
97,Submissiveness,FALSE,I try to do what the guards demand of me,tries to do what the guards demand of them,"Ich versuche, das zu tun, was die Vollzugsbeamten von mir verlangen","versucht, das zu tun, was die Vollzugsbeamten von ihm verlangen"
98,Suspiciousness,FALSE,"I suspect that even inmates who are my ""friends"" betray me a lot","suspects that even inmates who are their ""friends"" betray them a lot","Ich vermute, dass mich sogar ""befreundete"" Inhaftierte häufig hintergehen","vermutet, dass ihn sogar ""befreundete"" Inhaftierte häufig hintergehen"
99,Unusual Beliefs & Experiences,FALSE,I have had some really strange experiences in the past that I find difficult to explain,talks about really weird experiences that are difficult for them to explain,"Ich hatte schon einige wirklich seltsame Erlebnisse, die ich irgendwie nur schwer erklären kann","berichtet von wirklich seltsamen Erlebnissen, die er nur schwer erklären kann"
100,Withdrawal,FALSE,I go out of my way to avoid any kind of group activity,goes out of their way to avoid any kind of group activity,Ich vermeide möglichst jede Art von Gruppenaktivität,vermeidet möglichst jede Art von Gruppenaktivität
