BFPM,FULL,Facet,Domain
1,62,Emotional Lability,Negative affectivity
19,122,Emotional Lability,Negative affectivity
7,109,Anxiousness,Negative affectivity
25,110,Anxiousness,Negative affectivity
13,50,Separation Insecurity,Negative affectivity
31,64,Separation Insecurity,Negative affectivity
4,82,Withdrawal,Detachment
22,136,Withdrawal,Detachment
10,23,Anhedonia,Detachment
28,189,Anhedonia,Detachment
16,89,Intimacy Avoidance,Detachment
34,108,Intimacy Avoidance,Detachment
2,162,Manipulativeness,Antagonism
20,219,Manipulativeness,Antagonism
8,126,Deceitfulness,Antagonism
26,218,Deceitfulness,Antagonism
14,187,Grandiosity,Antagonism
32,197,Grandiosity,Antagonism
3,129,Irresponsibility,Disinhibition
21,160,Irresponsibility,Disinhibition
9,4,Impulsivity,Disinhibition
27,17,Impulsivity,Disinhibition
15,6,Distractibility,Disinhibition
33,132,Distractibility,Disinhibition
6,123,Perfectionism,Anankastia
18,176,Perfectionism,Anankastia
12,140,Rigidity,Anankastia
24,220,Rigidity,Anankastia
30,34,Orderliness,Anankastia
36,115,Orderliness,Anankastia
5,194,Unusual Beliefs & Experiences,Psychoticism
23,209,Unusual Beliefs & Experiences,Psychoticism
11,25,Eccentricity,Psychoticism
29,185,Eccentricity,Psychoticism
17,44,Perceptual Dysregulation,Psychoticism
35,77,Perceptual Dysregulation,Psychoticism
